0,0,0
0,0,0
0,0,0
0,0,0
0,0,0
0,0,0
0,0,0
0,0,0
8.12E-27,0.8262174707,0.5224842705
7.99E-27,0.8262174707,0.5224842705
8.14E-27,0.8262174707,0.5224842705
-2.74E-13,0.8262174707,0.5224842705
0,0.8262174707,0.5224842705
0,0,0
16.5100309088,188.4617284607,4.7023584343
0,0,0
0,0,0
0,0,0
0,0,0
0,0,0
0,0,0
0,0,0
0,0,0
0,0,0
0,11.127958442,998.8057157939
0,0,1.12E-29
0,0,1.21E-29
0,0,1.21E-29
0,0,1.21E-29
0,0,1.21E-29
0,0,1.21E-29
0,0,1.21E-29
0,0,0
0,0,1.27E-29
-1000,-1000,0
1000,1000,0
0,0,0
0,0,0
0,0,0
0,0,0
0,0,0
0,0,0
1000,40.5865040731,8.77E-14
0,0,0
0,0,0
0,0,0
0,0,0
-1000,-488.3968846332,-1000
710.3626257102,1000,1000
0,0,0
0,0,0
0,0,0
0,0,0
0,0,0
0,0,0.066
0,0,0
0,0,0
1000,1000,1000
-1.75E-29,0,0
-1000,-1000,-1000
0,0,0
0,0,0
0,0,0
0,0,0
10,0,0
0,0,0
0,0,0
0,0,0
0,0,0
0,0,0
-1000,1000,-1000
0,0,0
-1000,-1000,-1000
0,0,0
0.3215146385,0.2637214547,0.1667724501
0,0,0
1000,1000,1000
-730.3589249988,-106.8433849468,-304.9884495325
1.23E-13,1.23E-13,0
0,0,0
0,0,0
0,0,0
0,0.37,0
0,0,0
0,0,0
0,0,0
0,991.463630715,0.2891211484
1000,1000,1000
0,0,0
0,0,0
-1000,0,-27.2717545876
0,0,0
0,0,0
1000,1000,1000
-683.5592613666,-1000,-1000
1000,-1000,204.8927342171
-1000,-1000,-1000
-1000,-1000,-1000
1000,1000,1000
-1000,-1000,-1000
0,0,0
0,0,0
-4.88E-15,0,0
0,0,0
0,0,0
45,1.85,2
0,0,0
0,0,0
0,0,0
0,0,0
0,0,0
0,0,0
0,0,0
0,0,0
0,0,0
0,0,0
0,0,9.12E-30
698.6754489142,1000,-0.4
-1000,-1000,-1000
1000,1000,1000
0,0,0
0,0,0
23.7482932472,4.2392876914,-989.8016182995
0,0,0
-1000,-1000,-1000
0,0,0
-1000,-1000,-1000
1000,1000,1000
0,1.1,0
-945.0134534603,-1000,-1000
0,0.1,5
0,0,0
-976.5302709191,-1000,1000
-1000,-1000,-1000
1000,36.7883436751,1000
1000,1000,1000
674.3626257102,-1000,-1000
972.5067267301,678.7017117714,500
1000,1000,1000
0,0,0
0,0,0
-1000,-1000,-1000
-0.219064363,1000,0
0,0,0
0,0,0
0,0,0
0,0,5.3661393683
1000,1000,1000
1000,1.337307696,0.8539888813
-1000,-1000,-1000
0,0,0
0,0,0
-1000,-1000,-1000
-1000,-1000,-1000
-1000,-1000,-1000
1000,-1000,-1000
0,0,0
0,0,0
960,1000,1000
-1000,-1000,1000
-999.4426319027,-1000,-1000
0,0,0
-1000,-1000,-1000
-1000,-1000,-1000
-1000,-1000,-1000
-1000,-1000,-1000
-1000,-1000,-1000
0,0,0
-1000,-1000,-1000
-1000,-1000,-1000
0,0,0
-1000,-1000,-1000
-1000,-1000,-1000
-1000,7.4275094471,0.7726899814
-1000,-1000,-1000
0,0,0
0,4.5,0
0,0,0
0,0,1.1
-1000,-1000,-1000
-1000,-1000,-1000
-1000,-1.2114836048,2.4829065349
-1000,-1000,-1000
-1000,-1000,-1000
-1000,-1000,-1000
-1000,5.1197007024,-1000
-1000,-1000,-1000
2.6004168456,-1000,1.3488589214
-1000,-1000,-1000
-1000,3.7098611639,9.8635823979
-2.6004168456,-1000,-1.3488589214
-1000,-1000,-1000
-1000,-1000,-1000
0,0,0
0,0,0
0,0,0
0,0,0
0,0,0
0,0,0
0,0,0
0,0,0
0,0,0
0,0,0
0,0,0
0,0,0
0,0,0
0,0,0
0,0,0
0,0,0
0,0,0
0,0,0
0,0,0
0,0,0
0,0,0
0,0,0
0,0,0
0,0,0
0,0,0
0,0,0
0,0,0
0,0,0
0,0,0
0,0,0
0,0,0
0,0,0
0,0,0
0,0,0
5,0,0
0,0,0
0,0,0
0,0,0
0,0,0
0,0,0
0,0,0
0,0,0
0,0,0
0,0,0.5
0,0,0
0,0,0
0,0,0
0,0,0
0,0,0
0,0,0
0,0,1000
0,0,0
0,0,0
0,0,0
1000,0,0
0,0,0
0,0,0
0,0,0
0,992.5724905529,0
0,0,0
0.7,0,0
0,0,0
0,0.08,0
0,0,0
0,0,0
0,0,0
0,0,0
0,0,0
0,0,0
1000,0,0
0,0,0
0,0,0
1000,1000,0
1000,1000,998.7273100186
1000,1000,0
0,0,0
0,0,0
0,0,0
0,0,0
0,0,0
0,0,0
0,0,0
0,0,0
0,0,0
0,0,0
0,0,0
0,0,0
0,0,0
0,0,0
0,0,0
0,0,0
0,0,0
0,0,0
0,0,0
0,0,0
0,0,0
0,0,0
0,0,0
0,0,0
0,0,0
0,0,0
0,0,0
0,0,0
984.3778001393,0,0
0,0,0
0,0,0
0,0,0
0,0,0
0,0,0
0,0,0
0,0,0
0,0,0
0,0,0
0,1000,0
0,0,0
0,0,0
0,0,0
0,0,0
0,0,0
0,0,0
0,0,0
0,0,0
0,0,0
0,0,0
0,0,0
0,0,0
0,0,0
0,0,0
0,0,0
0,0,0
0,0,0
0,0,0
0,0,0
0,0,0
0,0,0
0,0,0
0,0,0
0,0,0
0,0,0
0,0,0
0,0,0
0,0,0
0,0,0
1000,0,0
0,0,0
0,0,0
0,0,0
0,0,0
0,0,0
0,0,0
0,0,0
0,0,0
0,0,0
0,0,0
0,0,0
0,0,0
0,0,0
0,0,0
0,0,0
0,0,0
0,0,0
0,0,0
0,0,0
0,0,0
0,0,0
0,0,0
0,0,0
0,0,0
0,0,0
0,0,0
0,0,0
0,0,0
0,0,0
0,0,0
0,0,0
0,0,0
0,0,0
0,0,0
0,0,0
0,0,0
0,0,0
0,0,0
0,0,0
0,0,0
0,0,0
0,0,0
0,0,0
0,0,0
0,0,0
0,0,0
0,0,0
0,0,0
0,0,0
0,0,0
0,0,0
0,0,0
0,0,0
0,0,0
0,0,0
0,0,0
0,0,0
0,0,0
0,0,0
0,0,0
0,0,0
0,0,0
0,0,0
0,0,0
0,0,0
0,0,0
0,0,0
0,0,0
0,0,0
0,0,0
0,0,0
0,0,0
0,0,0
0,0,0
0,0,0
0,0,0
0,0,0
0,0,0
0,0,0
0,0,0
0,0,0
0,0,0
0,0,0
0,0,0
0,0,0
0,0,0
0,0,0
0,0,0
1000,1000,0
0,1000,1000
0,0,0
0,0,0
0,0,0
999.4688675041,0,0
1000,1000,0
0,0,0
0,0,0
0,0,0
0,0,0
0,0,0
0,0,0
0,0,0
0,0,0
0,0,0
0,0,0
0,0,0
0,0,0
0,0,0
0,0,0
0,1000,0
0,0,0
0,0,0
0,0,0
0,0,0
0,2.351156439,0
0,0,0
0,0,0
0,0,0
0,0,0
0,0,0
0,0,0
0,0,0
0,0,0
0,0,0
0,0,0
0,0,0
0,0,0
0,0,0
0,0,0
0,0,0
0,0,0
0,0,0
0,0,0
0,0,0
0,0,0
0,0,0
0,0,0
0,0,0
0,0,0
0,0,0
0,0,0
0,0,0
0,0,0
0,0,0
0,0,0
0,0,0
0,0,0
0,0,0
0,0,0
0,0,0
0,0,0
0,0,0
0,0,0
0,0,0
0,0,0
0,0,0
0,0,0
0,997.0132837134,0
1000,1000,1000
1000,1000,1000
1000,0,0
0,0,0
0,0,0
0,0,0
0,0,0
0,0,0
0,0,0
0,0,0
0,0,0
0,0,0
1000,1000,0
4.2568746372,0,0
0,0,0
0,0,0
0,0,0
0,0,0
0,0,0
0,0,0
0,0,0
0,0,0
0,0,0
0,0,0
0,0,0
0,0,0
0,0,0
0,5.1197007024,0
0,0,0
0,0,0
0,0,0
0,0,0
0,0,0
0,0,0
0,0,0
0,0,0
0,0,0
0,0,0
0,0,0
0,0,0
0,0,0
0,0,0
0,0,0
0,0,0
0,0,0
0,0,0
0,0,0
0,0,0
0,0,0
0,0,0
0,0,0
0,0,0
0,0,0
0,0,0
0,0,0
0,0,0
0,0,0
0,0,0
0,0,0
0,0,0
0,0,0
0,0,0
0,0,0
0,0,0
0,0,0
0,0,0
0,0,0
0,0,0
0,0,0
0,0,0
0,0,0
0,0,0
0,0,0
0,0,0
0,0,0
0,0,0
-1000,-1000,-684.2327405324
0,0,0
0,0,0
0,0,0
0,0,0
0,0,0
0,0,0
0,0,0
0,0,0
0,0,0
7.56E-28,0,0
0,0,-1.14E-13
1000,1000,1000
0,0,0
0,0,0
0,0,0
1.14E-13,0,-1.14E-13
0,0,0
-1000,-1000,-1000
0,0,0
-997.8357343182,-1000,-1000
1000,204.1039001765,921.7630182922
-275.3305204158,1000,-590.2457481552
0,0,0
0,0,0.6043086153
3.0076168422,0,0
0,0,0
0,0,0
0,0,0
0,0,0
0,0,0
0,0,5.78E-13
0,0,0
0,0,0
0.303264248,0.2487516245,0.1573058131
0,0,0
0,0,0
516.8631279524,8.2621747073,5.2248427048
0.1187621916,0.097414345,0.0616029857
0,0,0
7.95E-13,-6.62E-13,2.21E-13
2.5181968199,1.0327718384,5.8733041092
0,0,0
0,0,0
0,0,0
0,0,0
0,0,0
-2.59E-28,0,0
0,0,0
-3.37E-13,58.3032508836,3.69E-29
0,0,0
0,0,0
0,0,0
0,0,0
0,0,0
0,0,0
0,0,0
0,0,399.5220783034
0,0,2.11E-28
0,3.5829353482,2.2307373547
0,0,0
-958.5474493449,-11.127958442,-599.2836374904
0,0,0
0,0,0
0,0,0
0,0,0
0,0,0
0,0,0
0,0,0
0,0,0
0,0,0
0,0,0
0,0,0
0,0,0
0,0,0
0,0,0
0,0,0
0,0,0
0,0,0
0,0,0
0,0,4.68E-29
0,0,0
0,0,8.51E-30
0,0,0
0,0,0
0,0,0
0,0,0
0,0,1.12E-29
0,0,7.47E-30
0,0,1.12E-29
0,0,0
0,0,0
0,0,0
0,0,0
0,0,0
0,0,0
0,0,0
0,0,0
0,0,0
0,0,0
0,0,0
0,0,0
0,0,0
0,0,0
0,0,0
0,0,0
0,0,0
0,0,0
0,0,0
0,0,0
0,0,0
0,0,1.14E-29
0,0,7.07E-30
0,0,0
0,0,0
0,0,0
0,0,0
0,0,0
0,0,0
0,0,0
0,0,0
0,0,0
0,0,0
0,0,0
0,0,0
0,0,0
0,0,0
0,0,0
0,0,0
0,0,0
0,0,0
0,0,0
0,0,0
0,0,8.51E-30
0,0,0
0,0,0
0,0,0
0,0,0
0,0,0
0,0,0
0,0,0
0,0,0
0,0,0
0,0,0
0,0,0
0,0,0
0,0,0
0,0,0
0,0,0
0,0,0
0,0,0
0,0,0
0,0,0
0,0,0
0,0,0
0,0,0
-1E-12,-2.54E-13,-3.81E-13
1E-12,2.54E-13,3.81E-13
0,0,0
0,0,0
0,0,0.1573058131
0,0,0
0,0,0
0,0,0
0,0,0
0,0,0
0,0,0
0,0,0
0,0,0
0,0,0
0,0,0
0,0,0
0,0,0
0,0,0
0,0,0
0,0,0
0,0,0
0,0,0
0,0,0
0,0,0
0.2558671584,0.2098742985,0.132720529
-1000,-1000,0
0,0,0
0,0,0
1000,1000,1000
306.8897442666,0,0
0,0,0
0,0,0
0,0,0
5.86E-14,0,-6.64E-14
8.13E-30,0,0
0,0,0
0,0,0
0.0453351293,0.0371860091,0.0235157274
0,0,0
0.0453351293,0.0371860091,0.0235157274
0,0,0
0,0,0
0,0,0
0,0,0
0,0,-1.55E-28
0,0,0
0.0453351293,0.0371860091,0.0235157274
0,0,0
0,0,0
8.38E-30,0,0
-2.43E-29,0,-1.2E-28
0,0,0
0.0453351293,0.0371860091,0.0235157274
0,0,-1.47E-28
0,0,0
0,0,0
0,0,0
0,0,0
0,0,0
0,0,0
0,0,0
0,0,0
0,0,0
0,0,0
0,0,0
0,0,0
0,0,0
0,0,0
0,0,0.9438348788
-481.3172865598,-36.8097744341,0.9438348788
0,0,0.9438348788
0,0,0.9438348788
0,0,0
0,997.5124837549,0
0,0,0
0,0,0
0,0,0
0,0,0
0,0,0
0,0,0
0,0,0
0,0,0
0,0,0
0,0,0
0,0,0
0,0,0
0,0,0
0,0,0
0,0,0
0,0,0
0,0,0
0,0,0
0,0,0
0,0,7.09E-29
0,0,1.7E-29
-2.04E-30,0,3.26E-30
0,0,0
0.5133382859,0.4210642481,0.2662730507
0.0229893879,0.0188569791,0.0119247962
0.5133382859,0.4210642481,0.2662730507
0,0,0
0,0,2.8E-28
-2.06E-27,1.82E-29,2.19E-28
0,0,0
2.06E-27,-1.82E-29,0
0,0,0
0,0,6.57E-13
1000,1000,1000
-1000,-1000,-1000
-1000,-1000,-1000
1000,1000,1000
0,-3.03E-29,-2.12E-28
3.55E-29,3.55E-29,0
0,0,-3.04E-14
0,0,3.04E-14
0,0,0
0,0,1.53E-13
-6.38E-29,0,5.11E-28
7.89E-27,0,0
0,0,0
7.89E-27,0,0
0,0,0
-4.01E-28,-1000,0
8.64E-28,1000,0
-1000,-1000,-1000
1000,1000,1000
7.91E-27,0,0
7.91E-27,0,0
7.91E-27,0,0
1000,0,1000
1000,1000,1000
1000,1000,1000
7.91E-27,0,0
41.9830850218,0,0
0,0,0
0,0,0
0,0,0
0,0,0
0,0,0
0,0,0
0,13.5982440288,0
0,0,0
0,913.8341764189,0
-1000,-1000,-998.0035215922
0,0,0
0,22.002487245,5.464377063
23.6339781484,0,0
23.6339781484,0,3.57E-28
0,0,0
0,0,0
23.6339781484,0,2.88E-28
0,0,0
1.64E-13,3.29E-13,0
-903.1046410032,-1000,0
903.1046410032,1000,0
0,0,0
0,-1E-17,9.24E-14
0,0,0
0,0,0
0,0,0
0,0,0
0,0,0
-1000,-1000,-1000
0,0,0
0,0,0
0,0,0
0,0,0
0,0,0
0,0,0
4.68E-29,0,5.17E-29
0,0,0
-7.1E-29,-2.49E-13,9.91E-29
0,-2.49E-13,0
4.9811290883,0,6.1686775836
0,0,0
0,0,0
-5.77E-29,-2.49E-13,7.69E-29
-7.43E-29,-2.49E-13,9.91E-29
0,0,0
0,0,0
0,0,3.3E-13
0,0,0
516.8631279524,-981.5127217089,-306.8992973949
0,0,0
0,0,0
0,0,0
7.11E-29,0,0
-78.9897410205,-10.5508323405,-1.6380865801
0,3.350555793,0
-999.503529032,-1000,553.9044986086
0,0,0
0,0,0
0,0,1.09E-29
0,0,0
0,0,0
0,0,0
0,0,0
0,0,0
0,0,0
0,0,0
0,0,0
0,0,0
0,0,0
0,0,0
0,0,0
0,0,0
0,0,0
0,0,0
-1000,-1000,-1000
0,0,0
0,0,0
0,0,0
0,0,0
0,0,0
-1.05E-27,-9.3E-14,1.7E-29
0,0,0
0,0,0
0,0,0
0,0,0
0,0,0
0,0,0
0,0,0
0,0,0
0,0,0
0,0,0
0,0,0
0,0,0
0,0,0
0,0,0
0,0,0
0,0,0
0,0,0
0,0,0
0,0,0
-971.9718272,-999.0666805023,-999.4042525452
972.803115698,999.7512483755,999.8426941869
-1000,-1000,-1000
-27.1968843021,1000,1000
-1000,-1000,-1000
0.0698265131,0.0572749959,0.036219622
-1.28E-14,0,0.2397522898
0.46220986,0.3791263043,0
-0.4398641186,-0.3607972743,-0.2281613587
0,0,8.34E-29
0,0,0
0,0,0.2397522898
958.5474493449,11.127958442,599.2836374904
5.38E-29,0,0
4.55E-29,0,0
0,0,0
0,0,0
0,0,0
0,0,0
0,0,0
0,0,0
0,0,0
0,0,0
0,0,0
0,0,0
0,0,0
0,0,0
0.1406952215,0.1154048495,-0.1667724501
-1.1E-27,0,0.2397522898
0,0,0
0,0,0
0,0,0
0,0,0
0,0,0
0,0,0
0,0,0
0,0,0
0,0,0
0,0,0
0,0,0
0,0,0
0,0,0
0,0,0
0,0,0
0,0,0
0,0,0
0,0,0
0,0,0
0,0,0
0,0,0
0,0,0
0,0,0
0,0,0
0,0,0
0,0,0
0,0,0
0,0,1.97E-29
0,0,0
0,0,0
0,0,0
0,0,2.53E-34
0,0,0
0.0385609107,0.0316294758,0.020001881
0.0385609107,0.0316294758,0.020001881
0,0,0
0,0,0
0,0,0
0,0,0
0,0,0
0,0,0
0,0,0
0,0,0
0,0,0
0,0,0
0,0,0
0,0,0
0,0,0
0,0,0
0,0,0
0,0,0
0,0,0
0,0,0
0,0,0
0,0,0
0,0,0
1.6419623793,4.0257382564,1.3814295322
-1000,1000,-308.334287865
-1000,1000,-1.27E-13
0,0,0
0,0,0
0,0,0
4.2996038116,0.2471021026,0.5590296329
0,0,0
0,0,0
0,0,0
2.75E-27,0,1.86E-28
1000,1000,1000
-116.3916486494,-1000,-1000
1000,1000,1000
1000,-997.9757659214,1000
-1000,-1000,-1000
1000,1000,1000
1000,1000,1000
-1000,-1000,-1000
0,0,1.41E-13
-1000,-2.0242340786,-1000
-1000,4.72E-13,4.84E-13
1.41E-13,1000,1000
1000,1000,1000
-1000,-6.52E-13,-7.65E-13
-883.0054034092,1000,1000
1000,-1000,-1000
2.48E-13,1000,1.24E-13
1000,1000,1000
-1000,-1000,-1000
-1000,-1000,-1000
1000,1000,1000
-1000,-1000,1000
-1000,0.4364013002,-999.0090997187
-1000,-1000,-1000
999.9290884318,-1000,-0.7149283694
1000,1000,-1.41E-13
-1000,-1000,-1000
1000,0,-1000
0,0,0
0,0,0
1000,2.0651576736,1000
0,0,0
0,0,0
0,0,0
0,0,0
0,0,0
0,0,0
0,0,0
1000,-1000,0.9610715343
1000,1000,1000
-1000,1000,-1000
-999.5178554147,-6.2631817171,-999.7499073941
-999.9290884318,-999.8836699814,-0.6413634703
-1000,-1000,-1000
-1000,-1000,-1000
-113.8486573753,-999.959076405,-999.9741206941
-1000,-1000,-1000
-997.3874530829,-1000,-2.07E-12
0,0,0
0,0,0
0,0,0
4,0,0.4
0,0,8.29E-29
0,0,-9.12E-29
0,0,0
0,0,0
0,0,0
0.0709115682,0.0581650093,0.0367824496
0.0498917878,0.040923595,0.0258793059
0.0498917878,0.040923595,0.0258793059
0.0709115682,0.0581650093,0.0367824496
0,0,0
0,0,0
1000,1000,1000
-1000,-6.6586594223,-1000
1000,1000,1000
998.0642019349,1000,1000
1000,1000,1000
1000,-992.9251392897,-999.7109228872
-1.41E-13,-1.41E-13,-1000
-1000,-1000,1000
-1000,-1000,-1000
-113.8985491631,-1000,-1000
-1000,-1000,-1000
-883.6582431384,1000,-0.0258793059
-1000,-1000,1.41E-13
1000,1000,1000
0,0,0
1000,1.27E-13,1000
-2.53E-13,-1000,-1000
0,0,0
0,0,0
0,0,0
0,0,0
0,0,0
0,0,0
0,0,0
0,0,0
0,0,0
-0.0709115682,-0.0581650093,-0.0367824496
0,0,0
-1000,-1000,-1000
1000,1000,843.5018565993
0,0,0
0,0,0
0,0,0
0,0,0
0,0,0
0,0,0
0,0,5.15E-28
0,0,0
1.95E-29,1.95E-29,0
0,0,0
0,0,0
0,0,0
0,0,0
-998.9253139936,-1000,-1000
-1000,-1000,-1000
710.3626257102,62.5889913181,5.464377063
0,0,1.3E-13
1000,0,1000
0,0,0
-1000,-1000,-1000
-1000,-1000,-1000
1000,1000,1000
0,0,0
0,0,0
1000,1000,1000
1000,-1000,1000
0,-2.59E-13,0
1E-13,0,0
-1000,1000,-1000
1000,1000,1000
-1000,-1000,-1000
0,0,0
0,0,0
0,0,0
9.98E-29,0,0
0,0,0
-1000,1.24E-13,-1000
-1000,-1000,-1000
-1000,-1000,-1000
0,0,0
0,0,0
0,0,0
0,0,0
0,0,0
0,0,0
0,0,0
0,0,0
0,0,0
0,0,0
0,0,0
0,0,0
0,0,0
0,0,0
0,0,0
0,0,0
0,0,0
0,0,0
0,0,0
0,0,0
0,0,0
0,0,0
0,0,0
0,0,0
0,0,0
0,0,0
0,0,0
0,0,0
0,0,0
0,0,0
0,0,0
0,0,0
0,0,0
0,0,0
0,0,0
0,0,0
-1000,1000,-1000
-1000,-1000,-1000
-973.0748779857,-1000,-1000
0,0,0
-40,400.6249658379,1000
0,0,-1000
0,0,-1000
-1000,-1000,-1000
0,0,0
112.8490500973,1000,-408.1533310097
0.1057819649,0.0867673515,0.0548700288
1000,1000,1000
0,0,-1.3E-13
0,1000,0
966.2737440952,-1000,-1000
0,0,0
0,0,0
-1000,-1000,-1000
-1000,-1000,-1000
-1000,-1000,-1000
1000,1000,1000
0,0,6.86E-17
0,0,0
0,-8.02E-17,0
0,0,0
0,0,0
0,0,0
0,0,0
0,0,0
0,0,0
0,0,0
0,0,0
0,0,0
0,0,0
0,0,5.84E-28
0,0,0
0,0,0
0,0,0
0,0,0
0,0,0
0,0,0
0,0,0
0,0,0
0,0,0
0,0,0
0,0,0
0,0,0
-1.26E-28,0,0
0,0,1.64E-13
-1000,-527.9806922773,-1000
1000,527.9806922773,1000
476.6996284184,810.7120540686,994.7751572952
0,0,0
0,0,0
0,0,0
0,0,0
0,0,0
0,0,0
0,0,0
0,0,0
0,0,0
0,0,0
0,0,0
0,0,0
0,0,0
0,0,0
0,0,0
0,0,0
0,0,0
0,0,0
0,0,0
0,0,0
0,0,0
1000,1000,1000
0,0,3.0730770502
0,0,0
1000,1000,1000
0,134.9078192459,0
-1000,-72.3188279277,-1000
-341.0335356638,-951.4402557972,556.196392439
653.6031131835,47.8459823513,1.4349904701
0,0,0
0,0,0
8.06E-27,0.8262174707,0.5224842705
-1.34E-28,0,0
996.7813781854,46.5644588884,0
0,0,0
0,0,0
0,0,0
1000,1000,0
0,0,0
0,0,0
0,0,0
-1000,0,0
0,0,0
0,0,0
-1000,-1000,-1000
0,0,0
0,0,0
0,0,0
0,0,0
0,0,0
0,0,0
0,0,0
0,0,0
0,0,0
0,0,0
0,0,0
2.74E-13,0,-6.53E-29
-2.74E-13,0.8262174707,0.5224842705
0,0,0
0,-2.94E-13,0
-1000,-1000,-5.1585957855
0,0,0
-2.74E-13,0.8262174707,0.5224842705
0,0,0
0,0,0
0,0,0
1.41E-13,1.41E-13,1.41E-13
0,0,0
0,0,0
0,0,0
0,0,0
0,0,0
0,0,0
0,0,-1.7E-13
0,0,0
0,0,0
0,0,0
0,0,0
0,0,0
0,0,0
0,0,0
0,0,0
0,0,0
0,0,0
0,0,0
0,0,0
0,0,0
0,0,0
0,0,0
0,0,0
0,0,0
-1000,-1000,-1000
0,0,0
0,0,0
0,0,0
0,0,0
0,0,0
0,0,0
0,0,0
0,0,0
0,0,0
0,0,0
0,0,0
0,0,0
0,0,0
0,0,0
0,0,0
1.53E-13,1.53E-13,0
0,0,0
0,0,0
0,0,0
0,0,0
0,0,0
0,0,0
0,0,0
0,0,0
0,0,0
0,0,0
0,0,0
0,0,0
0,0,0
1000,-1000,-1000
0,0,0
0,9.9027695419,0
0,9.9027695419,0
738.1621397703,68.2995842337,6.1686775836
986.401557849,1000,1000
986.401557849,1000,1000
986.401557849,1000,1000
0,0,0
916.5643643231,11.127958442,998.8057157939
2.48E-29,0,0
0,0,0
0,0,0
0,1.85,0
0,0,0
0,22.002487245,5.464377063
1.09E-28,0,0
0,0,0
0,0,0
0,0,0
0,0,0
0,0,0
0,0,0
1000,10.398502146,1000
-1000,-1000,5
-1000,-10.398502146,-1000
-95.2160648629,-7.5005968642,-1.9950156386
95.2160648629,0,0
1000,10.6927891582,599.8366951119
0,0,0
0,0,0
0,0,0
0,0,0
0,0,0
0,0,0
0,0,0
0,0,0
0,0,0
0,0,0
0,0,0
0,0,0
0,0,0
0,0,0
0,0,0
0,0,0
0,0,0
0,0,0
0,0,0
0,0,0
0,0,0
0,0,0
0,0,0
0,0,0
0,0,0
0,0,0
0,0,0
0,0,0
0,0,0
0,0,0
0,0,0
0,0,0
0,0,0
0,0,0
0,0,0
0,0,0
1.45E-13,0,2.02E-13
0,0,0
2.2612207213,2.7362678696,1.7303639446
0,0,0
0,0,0
0,0,0
1000,0,1000
0,0,0
503.3010114653,0,0
0,0,0
0,0,0
0,0,5.45E-30
0,0,9.58E-30
0,0,0
0,0,0
0,0,0
0,200.0832402576,0
300.7616842197,0,60.4308615347
601.5233684395,400.1664805152,120.8617230695
97.7149473408,399.7502792272,120.5985252626
3.9992190183,0,0
0,504.6044219602,2.0430875971
0,0,0
-6.7E-29,0,0
1.01E-26,0,0
-2E-13,0,0
1.0746860064,0,0
-7.91E-27,-4.02E-13,-9.12E-29
1.0746860064,0.8828610368,0.5610715343
0,0,0
2.2E-13,-0.2942870123,-0.1870238448
2.2E-13,-0.2942870123,-0.1870238448
0,0,0
0,0,0
0,0,0
0,0,0
0,0,0
0,7.29E-28,0
0,0,0
1000,0,1000
646.6114607982,1000,0
0,0,0
646.6114607982,1000,0
0,0,0
0,0,0
0,0,0
-40,400.6249658379,1000
0,0,0
-2.56E-13,0,0
0,0,0
0,0,0
1000,0,1000
0,0,0
0,0,0
0,0,7.44E-29
0,0,0
0,0,0
1000,1000,1000
0,0,0
0,0,0
0,0,0
0,0,0
9.49E-29,0,0
0,0,0
9.49E-29,0,0
0,0,0
1000,1000,1000
5.57E-29,0,5.03E-29
5.93E-29,0,4.74E-29
6.33E-29,0,6.02E-29
6.15E-29,0,4.61E-29
7.19E-29,0,4.04E-29
1.3E-13,0,0
0,1.7E-14,0
0,0,0
-6.38E-29,0,5.11E-28
0.0140695216,0.0115404845,0.0072979837
1000,1000,301.8911098667
2.1457478764,40.9075067802,0
2.1457478764,40.9075067802,0
2.1457478764,40.9075067802,0
0,0,0
0,0,0
0,0,0
0,0,0
0,0,0
0,0,0
0,0,0
0,0,0
0,0,0
0,0,0
0,0,0
0,0,0
0,0,0
0,0,0
0,0,0
0,0,0
0,0,0
0,0,0
0,0,0
0,0,0
0,0,0
0,0,0
0,0,0
0,0,0
-1.67E-28,0,0
-1.67E-28,0,0
-1.67E-28,0,0
0,0,0
-1.26E-28,0,0
-1.26E-28,0,0
0,0,0
0,0,0
0,0,0
0,0,0
0,0,0
0,0,0
0,0,0
0,0,0
0,0,0
0,0,0
0,0,0
0,0,0
0,0,0
0,0,0
0,0,0
0,0,0
0,0,0
0,0,0
0,0,0
0,0,0
0,0,0
0,0,0
0,0,0
0,0,0
0,0,0
0,0,0
0,0,0
0,0,0
0,0,0
0,0,0
0,0,0
0,0,0
0,0,0
0,0,0
0,0,0
0,0,0
0,0,0
0,0,0
0,0,0
0,0,0
0,0,0
0,0,0
0,0,0
0,0,0
0,0,0
0,0,0
0,0,0
0,0,0
0,0,0
0,0,0
0,0,0
0,58.3032508836,0
0,0,0
0,0,0
0.0453351293,0.0371860091,0.0235157274
0,0,0
0,0,0
0,0,0
0,0,0
0,0,0
1000,1000,1000
0,0,8.31E-30
0,0,0
168.9301135576,0,-6.02E-27
-172.0916571582,489.8893943803,306.8992973949
608.8474458043,123.999767879,-689.7499092992
0,0,0
0,0,0
0,0,0
0,0,0
0,0,2.76E-29
0,0,0
0,0,1.09E-29
0,0,0
0,0,-2.28E-29
8.07E-27,0.8262174707,0.5224842705
710.3626257102,62.5889913181,5.464377063
0,0,0
0,0,0
0,0,0
0,0,0
1000,-498.6219882171,308.334287865
0,0,0
-1000,-1000,-1000
-3.12E-13,4.02E-13,-2.09E-13
0,-4.02E-13,0
4.2996038116,0.2471021026,0.5590296329
0.567276373,0.4666597488,0.2978737274
0,0,1.67E-29
0.567276373,0.4666597488,0.2978737274
0.567276373,0.4666597488,0.2978737274
-1000,-1000,-1000
0,0,0
913.3326173121,8.2868052206,996.0440034439
0,0,0
646.6114607982,1000,0
646.6114607982,1000,0
0,0,0
0,0,1.09E-29
-1000,-1000,-1000
0,0,0
0,0,0
0,0,0
8.5986671751,0,0.3731030415
0,0,0
0.5074096334,0.416201288,0.2631978069
0,0,0
1000,998.8032766875,-555.3477922206
0,0,0
0,0,0
0,0,0
0,0,0
0,0,0
0,0,0
0,0,0
7.95E-13,-6.62E-13,2.21E-13
0,0,0
1000,-1000,1000
1000,46.5644588884,1000
0,0,0
-1000,-1000,0
0,0,0
0,0,0
0,0,0
0,0,0
0,0,0
0,0,0
0,0,0
0.303264248,0.2487516245,0.1573058131
0.303264248,0.2487516245,0.1573058131
0.303264248,0.2487516245,0.1573058131
0,0,0
0,0,0
0,0,0
3.2186218146,0,0
0.5074096334,0.416201288,0.2631978069
0.0385609107,0.0316294758,0.020001881
0,0,0
0.46220986,0.3791263043,5.76E-14
0,0,0
0,0,0
0,0,0
0,0,0
0,0,0
0,0,0
0.46220986,0.3791263043,5.76E-14
0,0,0
0,0,0
-1000,-1000,-1000
-1000,-1000,-1000
0,0,0
0,0,0
0,0,2.61E-29
0,0,2.81E-29
351.0116982925,-990.038761178,-209.0381473641
0,0,0
-1000,-1000,-1000
0,0,0
0,0,0
-1.37E-12,0,994.7751572952
0,0,0
523.3003715816,189.2879459314,5.2248427048
0,0,0
2.75E-27,0,1.86E-28
0,0,0
4,0,0.4
-1000,-1000,-1000
1000,1000,1000
-9.64E-29,1000,-7.57E-29
0,0,0
-8.88E-16,0,0
0,0,0.1573058131
0,0,1.4157523183
0,0.2487516245,0.1573058131
0,0.2487516245,0.1573058131
0.303264248,0,0
-999.9290884318,-999.9418349907,-1000
0.5074096334,0.416201288,0.2631978069
-0.5074096334,-0.416201288,-0.2631978069
0,0,0
0.6065284959,0.497503249,0.3146116263
0,0,0
1.8195854878,1.4925097471,0
0,0,0
0.0709115682,-999.9418349907,0.0367824496
0,0,0
0,0,0
0,0,0
1000,1000,1000
-999.696735752,-999.7512483755,-999.8426941869
0,0,0
0,0,0
0,0,0
0,0,0
95.2160648629,7.5005968642,1.9950156386
0,0,0
0,0,0
0,0,0
0,0,1.75E-29
0,0,0
0,0,0
0,0,0
0,0,0
0,0,1.61E-29
0,-8.02E-17,-6.86E-17
1000,1000,-1.64E-13
0,0,0
0,0,0
0,0,0
0,0,0
0,0,0
0,0,0
0,0,0
0,0,0
0,0,0
0,0,0
0,0,0
0,0,0
23.6339781484,0,3.33E-28
0,0,0
0.303264248,0.2487516245,0.1573058131
0,0,0
0,0,1E-29
-0.496470968,134.9078192459,-997.7081061696
0,0,0
658.9664643362,-86.3480750431,1000
1000,1000,1000
1000,1000,1000
1000,865.8059426056,554.7614019689
-1000,-1000,-1000
0,0,0
0,0,0
0,0,0
0,0,0
0,0,0
0,0,0
0,0,0
0,0,0
0,0,0
0,0,0
0,0,0
0,0,0
0,0,0
0,0,0
0,0,0
0,0,0
0,0,0
0,0,0
0,0,0
0,0,0
0,0,1.06E-29
0,0,0
0,0,0
0,0,3.34E-29
-998.9253139936,-1000,-1000
1000,1000,1000
0,0,0
0,0,0
0,0,0
0,0,0
0,0,0
0,0,0
0,0,0
0,0,0
0,0,0
0,0,0
0,0,0
0,0,5.45E-30
0,0,0
0,0,0
0,0,0
0,0,0
0,0,0
0,0,0
0,0,0
0,0,0
0,0,3.32E-28
1.4993,1.2297964997,0.7777
0,0,0
0,0,0
0,0,0
0.567276373,0.4666597488,0.2978737274
0,0,0
0,0,0
0,0,1E-29
0,0,0
0,0,0
0,0,8.51E-30
0,0,0
0,0,0
0.1363,0.1117996818,0.0707
-995.5348937801,-999.008515493,-999.3674700956
986.401557849,989.8484788336,997.8462157791
0.2676725613,0.2195576462,0.1388440945
0,0,4E-28
0,0,0
0.1363,0.1117996818,0.0707
0,0,0
0,0,0
0,0,0
0,0,0
0.1363,0.1117996818,0.0707
0,0,0
0,7.99E-14,2.15E-13
957.2667697047,989.4491676595,-1000
-1000,-1000,1000
23.6339781484,0,3.56E-28
0.7327215358,0,0
0.567276373,0.4666597488,0.2978737274
0,0,0
0,0,0
0,0,0
0,0,0
0,0,0
0,0,0
0,0,-1.63E-30
0,0,0
0.6065284959,0.497503249,0.3146116263
0,0,1.99E-32
3.0076168422,0,0
0,927.4324204478,0
0,7.99E-14,2.15E-13
0,0,0
-1000,-1000,1000
0,0,2
0,0,0
0,0,6.96E-29
0,0,0
0,0,0
168.9301135576,0,0
344.7714707942,9.7546844543,0
0,0,0
916.5643643231,0,0
0,-997.5124837549,0
0,0,0
0,0,0
0,0,0
0,0,5.464377063
-4.85E-29,-2.49E-13,9.71E-29
0.567276373,0.4666597488,0.2978737274
0.2676725613,0.2195576462,0.1388440945
1000,1000,1000
-1000,-1000,-1000
0.6065284959,0.497503249,0.3146116263
-1000,-1000,-1000
1000,1000,1000
41.9830850218,0,0
0,0,0
-1000,-1000,-1000
0,0,0
-1000,0,-27.2717545876
4.9811290883,0,6.1686775836
1000,1000,1000
0,0,0
0,0,0
0.303264248,0.2487516245,0.1573058131
1.64E-13,3.29E-13,0
0,0.2487516245,0.1573058131
0.303264248,0,0
0,0,0
0,0,8.51E-30
0,0,0
0,0,0
-1000,0,-1000
-1000,-1000,-1000
-1000,-1000,-1000
1000,1000,1000
0,0,0
0,0,6.96E-29
0,0,1.33E-30
4.9811290883,0,6.1686775836
0,0,0
0,0,0
999.503529032,1000,-553.9044986086
0,0,0
0,0,0
0,0,1000
0,-1E-17,9.24E-14
1.8195854878,1.4925097471,0
0,0,1.17E-29
4.9811290883,0,6.1686775836
0,0,-2.14E-29
0,0,0
0,0,0
0,0,1.76E-29
0,0,0
0,0,-1.1E-29
0,0,0
0,0,0
0,0,0
0,0,-1.1E-29
0,0,1.76E-29
0,0,0
0,0,0
0,0,-1.05E-29
0,0,0
0,0,1.76E-29
0,0,0
0,0,-1.05E-29
0,0,2.1E-29
78.9897410205,10.5508323405,1.6380865801
-78.9897410205,-10.5508323405,-1.6380865801
0,0,0
4.3941946516,0.9333194977,0.5957474548
1000,-0.2487516245,-0.1573058131
0,0,0
0,0,0
0,0,0
0,0,0
0,0,4.44E-29
-1000,-1000,-1000
-1.41E-13,-1.41E-13,-1000
-3.32E-13,1000,1000
1000,-1000,1000
1000,1000,1000
-1000,-1000,1.41E-13
0,0,0
1000,-1.71E-13,-1000
-1000,-1000,-1000
1000,1000,2.07E-12
0,0,0
0,0,0
0,0,0
0,2.351156439,-4.6E-14
0,-5.07E-28,0
0,0,0
0.5074096334,0.416201288,0.2631978069
0,0,0
-0.5074096334,-0.416201288,-0.2631978069
0,0,0
8.83E-28,0,0
0,1000,0
0,0,0
0,0,0
0,0,0
51.396161374,15.2259704279,4.6157768445
0,989.5334732149,613.7985947898
0,0,0
0,0,0
-1.28E-14,0,0.2397522898
0,0,0
904.7839351371,2.8979052818,998.0049843614
1.01E-26,0,0
-1.4993,-1.2297964997,-0.7777
0.0171960808,0.0141050357,0.0089197572
0,0,0
0,0,0
0,0,0
0,0,0
0,0,0
0,0,0
0,0,0
0,0,0
1.8195854878,1.4925097471,0
0,0,0
0,0,0
0,0,0
0,0,0
0,0,0
0.567276373,0.4666597488,0.2978737274
0.567276373,0.4666597488,0.2978737274
0.567276373,0.4666597488,0.2978737274
0,0,0
0,0,0
0,0,0
4,-4.02E-13,0.4
-4,-7.29E-28,-0.4
0,0,-9.12E-29
0,0,8.21E-29
-4,0,-0.4
4,7.29E-28,0.4
0,-7.29E-28,0
0,0,0
-1000,-599.4750341621,1000
0.567276373,0.4666597488,0.2978737274
0,0,0
0,0,0
4.39E-13,-0.5885740245,-0.3740476895
-1000,-1000,-1000
0,0,0
0,0,0
0,0,0
0,0,0
0,0,0
0,0,0
0,0,0
0,0,0
0,0,0
0,0,0
0,0,0
0,0,0
0,0,0
0,0,0
0,0,0
0,0,0
0,0,0
0,0,0
0,0,0
0,0,0
0,0,0
44.5956319389,0,0
0,0,0
0,0,0
0,0,0
0,-1.64E-13,0
0,0,0
0,0,0
0,0,0
0,0,0
0,0,9.06E-30
0,0,0
0,0,0
0,0,0
0,0,0
0.303264248,0.2487516245,0.1573058131
0.303264248,0.2487516245,0.1573058131
0,0,0
-1000,-1000,-1000
-121.511981176,-29.3587040602,691.665712135
-15.2280040552,-1000,-1000
0,0,0
2.2E-13,-0.2942870123,-1.0152742742
-1000,-1000,-1000
0,0,0
0,0,0
7.56E-28,0,0
7.56E-28,0,0
0,0,0
0.0709115682,0.0581650093,0.0367824496
0,0,0
0,0,0
0.241606712,0.1981772085,0.1253235109
0,0,0
0,0,0
0,0,0
0,0,1.09E-29
0,0,0
0,0,2.22E-29
0,1.53E-13,2.82E-13
0,0,0
0,0,3.28E-28
0,0,0
0,0,0
0,0,0
0,0,0
0,0,0
0,0,0
0,0,0
0,0,0
0,0,0
-1000,-319.7691401189,1000
0,0,0
0.303264248,0.2487516245,0.1573058131
1000,1000,1000
0,0,0
-1000,-1000,-1000
0,0,0
0,0,0
-991.4013328249,-998.8032766875,555.720895262
0,0,0
306.3314890738,499.45,0
-306.3314890738,-499.45,1.91E-13
0,0,0
0,0,0
0,0,0
0,0,0
0,0,0
0,0,0
-1000,-1000,-1000
-2.55E-13,-3.04E-13,-1.91E-13
0,0,1.72E-13
0.303264248,0.2487516245,0.1573058131
483.1368720476,38.3022841811,0
0,0,0
0,0,0
0,0,0
0,0,0
0,0,0
0,0,0
0,0,0
0,0,0
0,0,0
0,0,0
0,0,0
0,0,0
0,1.1755782195,-2.3E-14
0,0,0
904.7839351371,2.8979052818,998.0049843614
904.7839351371,2.8979052818,998.0049843614
0,0,0
0,0,1.21E-29
0,0,-2.12E-29
0,0,7.97E-30
0,0,0
0,0,0
0,0,0
0,0,0
0.1057819649,0.0867673515,0.0548700288
-2.6125469171,0.5885740245,1.202298119
0,0,0
-1000,-1000,-1000
0,0,0
0,0,0
0,0,0
0,0,0
1000,-1000,-1000
0,1000,1000
-1000,-1000,-1000
-1000,-6.93E-13,0
1000,1000,1000
0,0,0
0,0,0
0,0,0
0,0,0
4.6639446963,40.9075067802,0
0,0,0
0,0,0
0,0,0
0,0,0
0,0,0
0,0,0
0,0,0
-1000,-1000,0
4.05E-28,-9.3E-14,-8.1E-29
0,0,0
0,0,0
0,0,0
0,9.3E-14,0
0,0,0
-1.67E-28,0,0
-1.76E-28,0,0
-1.36E-28,0,0
0,0,0
0,0,0
1000,1000,0
2.5181968199,0,0
1000,1000,0
1000,1000,0
1000,1000,1000
0,0,0
1000,1000,1000
0,0,0
0,0,0
0,0,0
0,0,0
0,0,0
0,0,0
0,0,0
0,0,0
0,0,0
0,0,0
0,0,0
0,0,0
0,0,0
0,0,0
0,0,0
0,0,0
0,0,0
0,0,0
0,0,0
0,0,0
0,0,0
-973.1063799459,-1000,-1000
0,0,0
0,0,0
0,0,0
0,0,0
0,0,0
1.64E-13,3.29E-13,0
0,0,0
0,0,0
0,0,0
0,0,0
0,0,0
0,0,0
0,0,0
0,0,0
0,0,0
0,0,0
0,0,0
0,0,0
0,0,0
0,0,0
0,0,0
5.15E-29,0,3.86E-29
0,0,0
0,0,0
-78.9897410205,-10.5508323405,-1.6380865801
0,0,0
0,0,0
0,0,0
6.97E-29,0,3.8E-29
0,0,0
0,0,0
0,0,0
0,0,0
-4.8E-29,-2.49E-13,1.28E-28
4.91E-31,0,3.1E-29
0,0,0
0,0,0
0,0,0
0,0,0
6.31E-29,0,3.15E-29
6.31E-29,0,3.15E-29
0,0,0
0,0,0
4.9811290883,0,6.1686775836
0,0,-8.88E-16
0,0,0
0,0,0
0,0,0
0,0,0
0,0,0
0,0,0
0,0,0
0,0,0
0,0,0
0,0,0
0,0,0
0,0,0
0,0,0
0,0,0
7.97E-27,0,-5.11E-28
0,0,0
0,0,0
0,0,0
0,0,0
0,0,0
0,0,0
0,0,0
0,0,0
0,0,0
0,0,0
0,0,0
0,0,0
0,0,0
0,0,0
0,0,0
0,0,0
0,0,0
-516.8631279524,-8.2621747073,-5.2248427048
1.76E-28,3.55E-15,8.88E-16
0,0,0
0,0,0
0,0,0
0,0,0
0,0,0
0,0,0
0,0,0
0,0,0
0,0,0
0,0,0
0,0,0
0,0,3.27E-29
0,0,0
0,0,0
0,0,0
0,0,0
0,0,0
0,0,0
0,0,0
0,0,0
0,0,0
0,0,3.25E-29
0,0,0
0,0,0
0,0,0
-3.12E-13,4.02E-13,-2.09E-13
0,0,0
0,0,0
0,0,0
0,0,0
0,0,0
0,0,0
994.5412435366,995.5224707588,1000
0,58.3032508836,0
-1000,-1000,-1000
0,0,0
1000,1000,1000
1.89E-13,0,-5.9E-14
0,0,2.51E-28
1.11E-16,1.11E-16,5.55E-17
0,0,0
0,0,0
0,0,0
0,0,0
0,0,0
0,0,0
0,0,0
0,0,0
0,0,0
0,0,-2.51E-28
1000,1000,1000
-1000,-1000,-1000
0,0,0
0,0,0
0,0,0
0,0,0
0,0,0
0,0,0
0,0,0
0,0,0
0,0,0
0,0,0
0,0,0
0,0,0
0,0,0
0,0,0
0,0,0
1000,-58.3032508836,-1.7E-13
-1000,-1000,-1000
-1000,-1000,-1000
0,0,0
0,0,0
0,0,0
0,0,-2.22E-28
0,0,0
0,0,0
0.1187621916,0.097414345,0
0,0,0.0616029857
0,0,0
0,0,0
0,0,0
0,0,0
-2.63E-28,0,0
0,0,0
0,0.8262174707,0.5224842705
0,0,0
-3.37E-13,0,3.69E-29
-2.54E-14,-2.54E-14,-2.54E-14
0,0,0
0,-1.01E-14,0
0,0,0
0,0,0
0,0,0
0,0,0
0,1.0327718384,0.6531053381
0,0,0
0,0,0
2.5181968199,1.78E-13,0
0,0,0
0,0,0
0,0,0
0,0,0
0,0,0
0,0,0
0,0,0
996.7813781854,46.5644588884,5.1585957855
1000,46.1062086313,4.8688070074
0,0,0
-0.5133382859,1.6444794287,1.0399376255
0,0,0
-0.0229893879,-0.0188569791,-0.0119247962
0,0,0
3.0076168422,0,0.6043086153
0,0,0
1000,1000,1000
0,0,-1.21E-29
0,0,0
8.5986671751,0,0.3731030415
0,0,0
0,0,0
1,2,0
0,0,0
1000,1000,0
-1.47E-13,4.98E-13,2.87E-13
5.4587564634,4.4775292412,0
0,0,0
0,0,0
0,0,0
0,0,0
0,0,0
0,0,0
0,0,0
0,0,0
0,0,0
-1000,-1000,-1000
0,0,1.64E-13
0,0,0
1000,1000,1000
0,0,0
0,0,0
0,0,0
0,0,0
0,0,0
0,0,0
0,0,0
0,0,0
0,0,0
0,0,0
0,0,0
0,0,0
0,0,0
523.3003715816,189.2879459314,5.2248427048
1.37E-12,0,-994.7751572952
0,0,0
0,0,0
0,0,0
0,0,0
0,0,0
0,0,5.18E-13
0,0,0
0,0,0
0,0,0
0,0,0
0,0,0
0,0,0
0,0,0
0,0,0
0,0,0
0,0,0
0,0,0
0,0,0
0,0,0
-3.39E-27,0,0
0,0,0
-7.82E-30,0,0
0,0,0
0,0,0
0,0,0
0,0,0
1000,1000,1000
0.303264248,0.2487516245,0.1573058131
0,0,0
0,0,0
0,0,2.81E-29
-1.6812145023,-0.497503249,-0.3146116263
-1000,14.3990031275,-1000
-968.093329583,863.5996710071,1000
0,0,0
0,0,0
-1000,-1000,-1000
0,1000,1000
6.04E-29,0,6.04E-29
1.14E-13,0,0
0,0,0
0,0,0
0,0,0
0,0,0
6.31E-29,0,3.15E-29
0,0,0
0,0,0
0,0,0
0,0,0
0,0,0
523.3003715816,189.2879459314,1000
0,0,0
0,0,0
0,0,0
0,0,0
-1000,-1000,-1000
0,0,0
0,0,0
0,0,0
0,0,0
0,0,0
0,0,0
0,0,0
0,0,0
0,0,0
0,0,0
0,0,0
9.91E-14,2.4E-13,7.9E-13
0,0,0
0,0,0
0,0,0
0,0,0
1000,-1000,-1000
1000,-1000,-1000
1000,8.6235523882,1000
0,0,0
0,0,0
0,0,0
0,0,0
78.9897410205,10.5508323405,1.6380865801
-1000,-1000,-1000
-4,0,-0.4
0,0,0
0,0,0
0,0,0
0,0,0
0,0,0
0,0,0
0,0,0
0,1.01E-14,0
0,0,0
0,0,0
0,0,0
0,1.71E-13,6.53E-13
0,0,0
0,0,0
7.58E-29,0,4.04E-29
0,58.3032508836,0
0,0,0
-1000,-1000,-1000
0,0,0
9.85E-29,-1000,0
0,0,0
0,0,0
0,0,0
0,0,0
-2E-13,0,0
0,0,0
0,0,0
0,0,0
0,0,0
1000,1000,1.12E-13
1000,1000,1000
-1000,-1000,-1000
0,0,0
0,0,0
0,0,0
0,0,4E-28
4,0,0.4
1000,1000,1000
0,0,0
0,0,0
1.14E-13,0,7.96E-13
0,0,0
0,0,0
0,0,0
0,0,0
0,0,0
0,0,0
0,0,0
0,0,0
0,0,0
0,0,0
0,0,0
0,0,0
1000,1000,1000
0,0,0
0,0,0
0,0,0
0,0,0
0,0,0
0,0,-1.94E-29
0,0,-7.75E-29
0,0,0
0,0,4.68E-29
0,0,0
0,0,0
0,0,1.21E-29
0,0,1.21E-29
0,0,0
0,0,0
0,0,0
5.93E-29,0,4.59E-29
0,0,0
0,0,1000
0,0,-1.29E-13
0,0,0
0,0,-1000
0,0,0
0,0,0
-1000,0,0
0,0,0
0,0,0
0,0,0
0,0,0
0,0,0
0,0,0
0.21,0.37,-0.066
0,0,0
0,0,0
0,0,0
0,0,9.58E-30
0,0,0
0,-1.14E-13,0
0,997.5124837549,0
0,0,0
0,-997.5124837549,0
0,0,0
0,0,0
0,0,0
0,0,0
0,0,0
0,0,0
0,0,0
0,0,1.53E-13
0,0,0
0,0,0
0,0,0
0,0,0
0,0,0
0,0,0
0,0,0
0,0,0
0,0,0
0,0,0
0,0,0
0,0,0
0,0,0
0,0,0
78.9897410205,10.5508323405,1.6380865801
0,0,0
0,0,0
0,0,0
0,0,0
0,0,0
0,0,0
0,0,0
0,0,0
0,0,0
0,0,0
0,0,0
0,0,0
0,0,0
0,0,0
0,0,0
0,0,0
0,0,0
0,0,0
0,0,0
0,0,0
0,0,0
0,0,0
0,0,0
0,0,0
0,0,0
0,0,0
0,0,0
0,0,0
0,0,0
0,0,0
0,0,0
0,0,0
0,0,0
0,0,0
0,0,0
0,0,0
0,0,0
0,0,0
-710.3626257102,-40.5865040731,0
0,488.3968846332,312.1241400997
0,0,0
0,0,0
0,0,0
0,0,0
0,0,0
0,0,0
0,0,-4.85E-29
0,0,0
0,0,0
0,0,0
0,0,0
0,0,0
0,0,0
0,0,0
0,0,0
0,0,0
0,0,0
0,0,0
0,0,0
0,0,0
0,0,0
0,0,0
0,0,0
0,0,0
0,0,0
0,0,5.84E-28
0,0,0
0.219064363,0.37,-0.066
0,0,0
0,0,0
0,0,0
0,0,0
0,0,0
0,0,0
0,0,0
0,0,0
0,0,0
0,0,0
0,0,0
0,0,0
0,0,0
0,0,0
-1.6564577916,-3.7098611639,-0.8592191186
0,0,0
-20,-4.5,-2.5
0,0,0
0.04,40,-0.2
0,0,0
0,0,0
0,0,0
0,0,0
0,0,0
0,0,0
1.14E-13,1.14E-13,1.14E-13
0,0,0
0,0,0
2.27E-13,0,0
0,0,0
0,0,0
0,0,-1.3E-13
0,0,0
0,0,0
0,0,0
0,0,0
0,0,0
0,0,0
0,0,0
0,0,0
0,0,0
0,0,0
0,0,0
0,0,0
0,0,0
0,0,0
0,0,0
0,0,0
0,0,0
0,0,0
0,0,0
0,0,0
0,0,0
0,0,0
0,0,0
0,0,0
0,0,0
0,0,0
0,0,0
0,0,0
0,0,0
0,0,0
0,0,0
0,0,0
0,0,0
0,0,0
0,0,0
0,0,0
0,0,0
0,0,0
0,0,0
0,0,0
0,0,0
1.32E-12,0,0
-0.3215146385,-0.2637214547,-0.1667724501
0,0,0
0,0,0
0,0,0
0,0,0
1.14E-13,2.351156439,0
1.68E-13,1.14E-13,0
0,0,0
0,0,0
0,0,0
730.3589249988,106.8433849468,304.9884495325
0,0,0
0,0,0
1.14E-13,1.14E-13,1.14E-13
0,0,0
0,0,0
-1.23E-13,-1.23E-13,0
0,0,0
0,0,0
0,0,0
0,0,0
0,0,0
0,0,0
0,0,0
0,0,0
0,0,0
0,0,0
0,0,0
-0.5573680973,-0.4571831033,-0.2891211484
0,0,0
0,0,0
0,0,0
0,0,0
0,0,0
0,0,0
0,0,0
0,0,0
0,0,0
0,0,0
0,0,0
0,0,0
0,0,0
0,0,0
0,0,0
0,0,0
0,0,0
0,0,0
0,0,0
0,0,0
0,0,0
0,0,0
0,0,0
0,0,0
0,0,0
0,0,0
0,0,0
0,0,0
0,0,0
0,0,0
0,0,0
0,0,0
0,0,0
0,0,0
0,0,0
0,0,0
0,0,0
0,0,0
0,0,0
0,0,0
0,0,0
0,0,0
0,0,0
0,0,0
0,0,0
0,0,0
0,0,0
0,0,0
0,0,0
0,0,0
0,0,0
0,0,0
0,0,0
0,0,0
0,0,0
0,0,0
0,0,0
0,0,0
0,0,0
0,0,0
0,0,0
0,0,0
0,0,0
0,0,0
0,0,0
0,0,0
0,0,0
0,0,0
0,0,0
0,0,0
0,0,0
0,0,0
0,0,0
0,0,0
0,0,0
-75,-1.85,-3
0,0,0
0,0,0
-9,2,0.2
0,0,0
0,0,0
0.07,0.5,0.097
0,0,0
0.1,-0.15,-0.14
0,0,0
0,0,0
0,0,0
0,0,0
0,0,0
0,0,0
0,0,0
0,0,0
0,0,0
0,0,0
0,0,0
0,0,0
0,0,0
0,0,0
0,0,0
0,0,0
0,0,0
0,0,0
0,0,0
0,0,0
0,0,0
0,0,0
0,0,0
0,0,0
0,0,0
0,0,0
0,455.3339329483,14.1502502298
-702.6754489142,-1000,0
389.0171233367,639.3429532224,1.2086172307
0,0,0
0,0,0
0,0,0
0,0,0
0,0,0
0,0,0
0,0,0
0,0,0
0,0,0
0,0,0
0,0,0
0,0,0
0,0,0
0,0,0
0,0,0
0,0,0
0,0,0
0,0,0
0,0,0
0,0,0
0,0,0
0,0,0
0,0,0
651.2747485797,1000,315.7672594676
0,0,0
0,0,0
0,0,0
0,0,0
0,0,0
-24.2794257431,-0.5294265276,-0.3347993026
0,0,0
1.02E-12,9.09E-13,0
0,0,0
0,0,0
0,0,0
0,0,0
0,0,0
0,0,0
0,0,0
0,0,0
-1.4769739295,-1.2114836048,-0.7661192723
0,0,0
0,0,0
0,0,0
0,0,5.18E-13
0,0,0
0,0,0
0,0,0
0,0,0
1000,0,27.2717545876
1,-0.1,-11
0,0,0
0,0,0
-7.8475292202,-2.351156439,-7.6555043578
0,0,0
0,0,0
0,0,0
0,0,0
0,-2.27E-13,0
0,0,0
0,0,0
0,0,0
0,0,0
0,0,0
0,0,0
0,0,0
0,0,0
0,0,0
0,0,0
-2.6004168456,-2.1329844157,-1.3488589214
0,0,0
0,0,0
0,0,0
0,0,0
0,0,0
0,0,0
0,0,0
0,0,0
0,0,0
0,0,0
-1.45E-13,0,-2.02E-13
0,0,0
0,0,0
-0.7082811059,-0.5809655338,-0.3673915934
0,0,5.58E-14
0,0,0
1E-12,2.54E-13,3.81E-13
0,0,0
0,0,0
0,0,0
0.5,-80,-0.8
0,2.351156439,-4.6E-14
0,0,0
0,0,0
0,0,0
0,0,0
0,0,0
-1000,-919.3015377293,-305.9762428362
0,0,0
0,0,0
0,0,0
0,0,0
0,0,0
0,0,0
0,0,0
0,0,0
0,0,0
0,0,0
0,0,0
0,0,0
0,0,0
0,0,0
0,0,0
0,0,0
0,0,0
0,0,0
0,0,0
2.73E-29,0,0
0,0,0
0,0,0
-2.1330607264,-1.02742163,-0.6497219677
0,0,0
0,0,0
-1.6254234243,-1.337307696,-0.8539888813
7.96E-13,-6.82E-13,2.27E-13
2.27E-13,-4.55E-13,0
0,0,0
0,0,0
-1.4896413644,-1.2218740317,-0.7726899814
0,0,0
0,0,0
0,0,0
0,0,0
0,0,0
0,0,0
0,0,0
0,0,0
0,0,0
0,0,0
0,0,0
0,0,0
0,0,0
0,0,0
1.3E-13,0,0
0,0,0
0,0,0
0,0,0
0,0,0
0,0,0
-1000,-1000,-640.1878393947
0,0,0
-1.71E-13,-1.3E-13,-3.73E-14
0,0,0
0,0,0
3.55E-29,3.55E-29,0
0,0,3.04E-14
0,0,0
0,2.27E-13,0
0,0,0
0,0,0
0,8.02E-17,6.86E-17
0,0,0
0,0,0
0,0,0
0,0,0
0,0,0
0,0,0
0.4043680611,0,0
0,0,0
-10,-1,-0.74
0,1.55E-29,0
0,0,0
0,0,0
0,0,0
0,0,0
0,0,0
6.38E-29,0,0
-6.38E-29,0,0
0,0,0
0,0,0
0,0,0
0,0,0
0,0,0
0,0,0
0,0,0
7.96E-13,-7.96E-13,0
0,0,0
0,0,0
0,0,0
0,0,0
0,0,0
0,0,0
0,0,0
0,0,0
0,0,0
2.55E-13,3.04E-13,1.91E-13
0,0,0
0,0,0
0,0,0
-1.7131010229,-23.407653417,-6.3529775202
0,0,1.14E-13
0,0,0
0,0,0
0,0,0
0,0,0
0,0,0
0,0,0
0,0,0
-0.1688675041,-0.138513083,-0.0875930487
0,0,0
0,0,0
0,0,0
0,0,0
0,0,0
0,0,0
0,0,0
0,0,0
0,-0.7222152773,-0.4567152543
0,0,0
0,0,0
0,0,0
0,0,0
0,0,0
0,0,0
0,0,0
0,0,0
0,0,0
0,0,0
-2.1642656818,-1.7752326819,-1.1226235048
0,0,0
0,0,0
0,0,0
0,0,0
0,0,0
0,0,0
0,0,0
0,0,0
0,0,0
0,0,0
-3.41E-13,0,0
0,0,0
0,0,0
0,0,0
0,0.2487516245,1.7303639446
0,0,0
0,0.2487516245,1.7303639446
0,0,0
0,0,0
0,0,0
0,0,0
0,0,0
0,0,0
0,0,0
0,0,0
0,0,0
-0.303264248,-0.2487516245,-0.1573058131
-0.303264248,-0.2487516245,-0.1573058131
-999.3934715041,-999.502496751,-999.6853883737
-999.3934715041,-999.502496751,-999.6853883737
1000,1000,1000
0,0,0
0,0,0
0,0,0
0,0,0
0,0,0
0,0,0
0,0,0
0,0,0
0,0,0
0,0,0
0,0,0
0,0,0
0,0,0
0,0,0
0,0,0
0,0,0
0,0,0
0,0,0
0,0,0
0,0,0
0,0,0
0,0,0
0,0,0
0,0,0
0,0,0
0,0,0
0,0,1E-29
0,0,1.12E-29
0,0,0
0,0,0
0,0,0
0,0,0
0,0,0
0,0,0
0,0,0
0,0,0
0,0,0
0,0,0
0,0,0
0,0,0
0,0,0
0,0,-4.8E-28
0,0,0
0,0,0
0,0,0
-1000,-1000,-1000
0,0,0
0,0,0
0,0,0
0,0,0
0,0,0
0,0,-8.89E-30
0,0,0
0,0,0
0,0,0
0,0,3.88E-29
0,0,0
1000,0,1000
0,0,0
0.7327215358,0,0
0,0,0
0,0,0
-4.05E-28,-1000,0
0,0,0
0,0,0
0,0,0
0,0,0
-958.0169149782,-10.6927891582,-599.0084446825
0,0,0
0,0,0
0,0,0
1000,11.127958442,599.2836374904
0,0,0
958.5474493449,11.127958442,599.2836374904
0,0,0
0,0,0
0,0,0
0,0,0
0,0,0
0,0,0
0,0,0
0,0,0
0,0,0
0,0,0
0,0,0
-1000,-979.9457092917,-995.8497373713
0,0,0
0,0,8.89E-30
0,0,0
1.0746860064,0,0
0,0,0
0,0,0
0,0,0
0,0,0
0,0,0
0,0,0
0,0,0
0,0,0
0,0,0
0,0,0
0,0,0
0,0,0
0,0,0
1000,0,1000
1000,0,1000
0,0,0
0,0,0
0,0,0
0,0,0
-389.0171233367,-639.3429532224,-1.2086172307
0,0,0
0,13.5982440288,0
0,0,0
-996.7813781854,-227.5902301125,0
1.65E-29,0,4.84E-28
0,0,0
-1000,-935.580730543,-1.7E-13
0,0,0
0,0,0
-1000,-1000,3.18E-13
-996.7813781854,-46.5644588884,0
0,0,0
0,0,0
0,0,0
0,0,0
0,0,0
0,0,0
0,0,0
0,0,0
0,0,0
-349.7525998826,-9.7546844543,-6.1686775836
1000,46.5644588884,5.2248427048
0,0,0
0,0,0
0,0,0
0,0,0
0,0,0
0,0,0
0,0,0
0,0,0
0,0,0
0,0,0
0,0,1.19E-28
998.6220497457,997.0149805058,998.1123302423
1000,1000,-599.0084446825
0,0,0
0,0,0
0,0,0
0,0,0
1000,1000,2.07E-12
0,0,0
0,0,0
4,0,0.4
0,0,-0.9438348788
-1000,-1000,-2.07E-12
0,0,5.18E-13
0,0,5.18E-13
0,0,0
1000,1000,1000
0,0,0
0,0,0
0,0,0
0,0,0
0,0,0
0,0,0
0,0,0
0,400.5249658379,1000
0,0,0
0,0,0
0,0,0
0,0,0
0,0,0
1000,3.06E-12,1000
0,0,0
1000,1000,1000
1000,1000,0
0,0,0
1000,1000,1000
0,0,1000
0,0,0
0,0,0
0,0,0
0,0,7.6555043578
1000,1000,1000
0,0,0
0,0,0
0,0,0
0,0,0
0,0,0
0,0,0
0,0,0
0,0,0
0,0,0
0,0,0
1.52E-29,0,1.51E-28
0,0,0
3.77E-29,0,-1.51E-28
1000,1000,1000
-1000,-1000,-1000
0,0,1000
1.64E-13,3.29E-13,0
1.64E-13,3.29E-13,0
2.73E-29,0,0
0,0,7.27E-30
0,0,-1.05E-29
0,0,0
-2.41E-30,2.8E-45,-6.13E-29
0,0,0
0,0,0
0,0,-1.05E-29
0,0,5.66E-29
0,0,2.22E-29
0,0,0
0,0,0
0,0,0
1.45E-13,0,2.02E-13
0,0,0
0,0,0
0,0,0
0,0,0
0,0,0
0,0,1.17E-29
0,0,1.17E-29
0,0,1.86E-29
0,0,0
0,0,0
0,0,0
0,0,0
0,0,0
0,0,0
0,0,0
0,0,0
0,0,0
1E-12,2.54E-13,3.81E-13
0,0,0
-964.4541586074,267.1096563391,400.9915553175
998.9253139936,1000,1000
0,0,0
2.2612207213,0,0
0,1000,1000
2.2612207213,0,0
-3.61E-26,1000,1000
0,0,0
998.9253139936,1000,1000
-964.4541586074,267.1096563391,400.9915553175
0,0,0
0,0,0
0,0,0
0,0,1.53E-13
0,0,0
-1.64E-13,-3.29E-13,0
0,0,6.87E-29
0,0,-7.37E-29
0,2.351156439,-4.6E-14
0,0,0
0,0,0
2.1457478764,40.9075067802,0
0,0,0
-1000,-1000,-1000
0,0,0
-6.0152336844,0,-1.2086172307
0,0,0
0,0,0
1000,919.3015377293,305.9762428362
2.7293782317,2.2387646206,1.4157523183
300.7616842197,200.0832402576,60.4308615347
0,0,0
1000,285.8934809961,0
0,0,0
0,0,0
0,0,0
0,0,0
0,0,0
0,1000,215.3374460154
0,0,0
1.34E-28,0,0
2.74E-13,0,0
1000,-1000,204.8927342171
-683.5592613666,-1000,-1000
-1000,-1000,-1000
0,0,0
0,0,0
-2.1457478764,-40.9075067802,0
1.73E-13,1.73E-13,0
0,0,0
0,0,0
0,0,0
0,0,0
0,0,0
0,0,0
0,0,0
0.219064363,0,0
0,0,0
2,0.5,0.097
0,0,0
0,0,0
0,0,0
0,0,0
0,0,-8.34E-29
0,0,0
0,0,0
0,0,0
0,0,2.71E-34
0,0,0
-1.67E-13,0,0
7.95E-13,-6.62E-13,2.21E-13
0,0,0
0,0,0
0,0,9.83E-29
0,0,0
-3.41E-27,0,0
0,0,0
-1.37E-12,0,994.7751572952
0,0,-5.02E-29
-0.1057819649,-0.0867673515,-0.0548700288
0,0,0
0,0,0
0,0,0
-2.73E-29,0,0
0,0,0
0,0,0
1.73E-18,1.73E-18,0
0.0171960808,0.0141050357,0.0089197572
0,0,0
0,0,0
0,0,0
0,0,0
0,0,0
0,0,0
0,0,0
0,0,0
0,0,0
0,0,0
0,0,0
0,0,0
0,0,0
0,0,0
0,0,0
0,0,0
0,0,0
0,0,0
0,0,0
0,0,0
1000,1000,1000
0,0,3.81E-29
0,0,6.07E-34
-1.8195854878,-1.4925097471,0
0,-1000,-1000
-3.2186218146,1000,-3.78E-15
0,0,0
1000,1000,1000
0,1000,1000
0,0,-5.78E-13
1.64E-13,3.29E-13,0
-1.29E-28,3.2264101773,2.0430875971
-2.8677492172,-3.2337711187,997.9550244292
-1.2130569919,-0.9950064981,-0.6292232526
0,0,0
0,0,0
0,0,0
0,0,0
0,0,0
1000,1000,0
0,0,0
0,0,0
-1000,-1000,0
-1000,-1000,-1000
0,0,0
0,0,0
0,0,0
-1000,-1000,-1000
1000,-1000,-1000
0,0,0
1000,0,1000
0,0,0
0,0,0
0,0,0
0,0,0
-1.3E-13,0,0
0,0,0
0,0,0
0,0,0
0,0,0
0,0,0
0,0,0
-1.71E-13,-1.3E-13,-3.73E-14
-503.3010114653,-1.3E-13,-3.73E-14
-503.3010114653,0,0
0,0,0
4.57E-29,0,0
0,0,0
0,0,0
-1000,-1000,-1000
-1000,1000,1000
1000,-1000,-1000
0,0,0
0,0,0
0,0,0
0,0,0
0,0,0
0,0,0
-1000,-1000,-998.7350164614
-255.9111183851,-1000,1000
0,0,0
0,0,0
0,0,-4.85E-29
0,0,0
0,7.5005968642,0
0,0,0
1.32E-12,0,0
0,0,0
0,0,0
0,0,0
0,0,0
0,0,0
0,0,0
0,0,0
0,0,1.9950156386
0,0,0
1000,599.4750341621,-1000
1000,1000,1000
0,0,0
0,0,0
0,0,0
958.0169149782,10.6927891582,599.0084446825
0,0,0
0,0,0
0,0,0.0367824496
1000,1000,1000
1000,1000,1000
0,0,0
0,0,0
0,0,0
998.9253139936,999.4114259755,999.6259523105
0,0,0
0,0,0
0,0,0
0.2676725613,0.2195576462,0.1388440945
-3.74E-13,0,1.7E-13
0,0,0
-1000,-1000,-1000
0,0,0
0,0,0
0,501.3780117829,0
0,0,0
1000,1000,843.5018565993
0,0,0
0,0,0
2.6125469171,0,0
0,0,0
0,0,0
0,0,0
0,0,0
0,0,0
0,0,0
7.95E-13,-6.62E-13,2.21E-13
7.95E-13,-6.62E-13,2.21E-13
0,0,0
7.95E-13,-6.62E-13,2.21E-13
0.5881564779,0,0
732.592854204,58.3968146918,0
0,0,0
4.9811290883,0,6.1686775836
0,0,0
0,0,0
0,0,0
-916.5643643231,-11.127958442,-998.8057157939
0,0,0
0,0,0
-999.1195150047,-1000,-1000
0.8804849953,0,0
0,-4.77E-26,0.8282504294
0,0,0.8282504294
0,0,0
0,0,0
0,0,0
-255.9111183851,-1000,1000
-1000,0,-1000
966.2737440952,-1000,-1000
1000,1000,1000
1000,1000,1000
-3.4E-29,0,0
3.4E-29,0,0
0,0,0
0,-1000,-1000
-1000,953.4355411116,-3.78E-15
0,0,0
1000,0,0
0,0,0
0,0,0
0,0,0
0,0,0
0,0,0
0,0,0
1.28E-14,0,5.76E-14
921.0102589795,989.4491676595,998.3619134199
0,0,0
0,0,0
1000,1000,1000
0,0,1000
0,0,0
0,0,0
0,0,0
1E-12,2.54E-13,3.81E-13
0,0,0
0,0,-1.46E-28
-1000,-1000,-1000
1000,1000,1000
-1000,1000,1000
0.5881564779,0,0
-732.592854204,-58.3968146918,0
0,0,0
0,-425.3509671387,0
0,425.3509671387,0
0,0,0
0,0,0
78.9897410205,10.5508323405,1.6380865801
0,0,0
0,0,0
0,1000,0
0,1000,0
0,0,0
0,0,0
0,0,0
-4.65E-29,-2.49E-13,9.49E-29
0,-1000,0
-1000,-1000,-1000
1000,1000,1000
0,0,0
0,0,0
0,0,0
0,0,0
0,0,0
-1000,-1000,-1000
0,0,0
0,0,0
0,0,0
0,0,0
0,0,0
0,0,0
0,0,0
0,0,0
4.9811290883,0,6.1686775836
-4.74E-29,-2.49E-13,1.28E-28
0,0,0
0,0,0
0,0,0
0,-1000,0
-1000,-1000,-1000
0,0,0
0,0,0
0,0,0
0,0,0
0,0,0
0,0,0
1000,1000,1000
1000,1000,1000
0,0,-1.63E-30
-1000,-999.7512483755,-998.4269418686
-1000,-319.7691401189,1000
0,0,-1.46E-28
0,0,0
1.28E-14,0,5.76E-14
1.28E-14,0,5.76E-14
0,0,0
0,0,0
0,0,0
878.488018824,-1000,1000
-1000,-1000,-1000
-1000,-1000,-1000
0,0,0
1000,1000,1000
0,0,0
-1000,-1000,-1000
-994.6366488474,-1000,-1000
-1000,-1000,443.803607561
-1000,-1000,-1000
0,-1000,0
-1000,-1000,-1000
1000,1000,1000
0,0,0
47.0002837354,0.6480627986,-2.3695814493
-2,-0.5,-0.097
998.9253139936,999.4114259755,999.6259523105
-1000,-999.4114259755,-999.6259523105
1000,1000,1000
0,0,-4.85E-29
0,0,0
-1000,-1000,-1000
0,0,0
0,0,0
0,0,1000
1000,1000,328.063699295
-8.6629310787,1000,441.8878047252
0,0,0
0,0,5.84E-28
0,0,0
-1000,-1000,-1000
-1000,134.9078192459,1000
-1000,-1000,-1000
710.3626257102,-1000,-1000
1000,1000,843.5018565993
0,0,0
0,0,0
0,1000,0
0,-1000,0
0,0,0
0,0,0
331.7078108782,-984.7740295721,601.0302025834
-1000,-1000,-1000
-1000,-1000,-1000
1000,1000,1000
-9.79E-29,1000,0
-481.3172865598,-36.8097744341,0
-1000,-1000,-1000
0,0,0
0,0,1000
306.3314890738,499.45,-1.91E-13
0,0,-4.85E-29
0,0,0
0,-1000,0
-1000,-1000,-1000
1000,1000,843.5018565993
1000,1000,1000
-1000,-1000,-1000
1000,1000,1000
-1000,-1000,-1000
0,0,0
0,0,0
-1000,-1000,-1000
0,0,0
0,0,0
-1000,-1000,-1000
0,-1000,-1000
-1000,953.4355411116,-3.78E-15
-3.4E-29,0,0
0,0,0
0,0,0
1000,0,0
0,-1000,0
0,0,0
0,0,0
0,0,0
0,0,0
0,0,0
0,0,0
0,0,0
0,0,0
0,0,0
1000,1000,1000
0,0,0
0,0,0
0,0,0
0,0,0
0,0,0
0,0,0
1000,1000,1000
4.68E-29,0,5.17E-29
0,0,0
0,-8.02E-17,-6.86E-17
-710.3626257102,-62.5889913181,-5.464377063
0,0,0
-8.61E-28,1000,-1.29E-13
0,0,0.2
0,0,0
1000,-1000,5.464377063
-966.2737440952,865.0921807541,1000
0,-1000,-215.3374460154
0,0,0
-1000,-1000,-1000
0,0,0
0,0,0
0,0,0
0,0,0
0,0,0
0,0,0
0,0,0
0,0,0
0,0,0
0,0,0
0,0,0
0,0,0
0,0,0
0,0,0
0,0,0
0,0,0
0,0,5.1585957855
-3.4E-29,0,0
0,0,0
0,0,0
0,0,0
0,0,0
-340.7153327334,0.2487516245,1.7303639446
1.47E-28,1000,215.3374460154
-1.37E-12,0,994.7751572952
0,0,0
0,0,0
1000,1000,1000
-1000,-1000,-1000
1000,0,1000
1000,0,1000
1000,1000,1000
0,0,0
0,0,0
0,0,0
0,0,0
1000,1000,1000
1000,1000,1000
-999.696735752,-999.7512483755,-1000
0,0,0
0,0,0
0,0,0
0,0,5.82E-29
0,0,6.01E-29
0,0,0
0,0,0
0,0,0
0,0,-1.14E-13
0,0,0
0,0,0
-958.0169149782,-10.6927891582,-599.0084446825
0,0,1.2649835386
986.401557849,989.8484788336,997.8462157791
0,0,0
0,1000,215.3374460154
0,928.2387566203,0
0,928.2387566203,0
0,0,-1.46E-28
0,0,-2.45E-29
-91.9843178519,-604.1344778049,382.8506119043
0,0,0
0,0,0
1000,357.4034235428,0
3.69E-13,1000,0
0,0,0
0,0,0
0,0,0
0,0,0
0,0,684.2327405324
0,0,1000
0,0,1000
0,0,0
1000,1000,1000
0,0,0
0,0,0
0,0,0
0,0,0
0,0,0
0,0,0
0,0,0
0,0,0
0,0,0
0,0,0
0,0,0
0,0,0
0,0,0
0,0,0
0,0,0
0,0,0
0,0,0
0,0,0.01
0,0.15,0
0,0,0
0,0,0
0,0,0
0,0,0
0,0,0
0,0,0
0,0,0
0,0,0
0,0,0
0,0,0
0,0,0
0,0,0
0,0,0
0,0,0
0,0,0
0,0,0
0,0,0
0,0,0
0,0,0
0,0,0
0,0,0
0,0,0
0,0,0
0,0,0
0,0,0
0,0,0
0,0,0
0,0,0
0,0,0
0,0,0
0,0,0
0,0,0
0,0,0
0,0,0
0,0,0
0,0,0
0,0,0
0,0,0
0,0,0
0,0,0
0,0,0
0,0,0
0,0,0
0,0,0
-1000,-1000,-1000
-1000,1000,4.7164174006
-1000,-1000,-1000
-1000,-1000,-1000
991.5630551747,-1000,-1000
0,0,0
-1000,-1000,-1000
-1000,-28.6298686942,-1000
15.6221998607,1000,1000
993.5230260705,-1000,-4.3490258072
-1000,-1000,-1000
-1000,-1000,-1000
-1000,-1000,-1000
-1000,-1000,-1000
-1000,-999.941486917,-1000
0,0,0
-1000,-1000,1.3602830301
-1000,-1000,1000
1000,1000,1000
-1000,1000,1000
-997.8669392736,-998.97257837,-1000
-1000,-1000,-1000
-1000,-1000,-1000
-984.3778001393,-1000,-1000
-1000,1000,1000
0,0,0
-1000,-1000,-1000
1000,0.7222152773,0.4567152543
-1000,-1000,-1000
1000,1000,1000
0,0,0
1000,1000,-359.8121606053
-1000,-1000,671.936300705
1000,1000,1000
-1000,-1000,-1000
0,0,0
-1000,-1000,-1000
-1000,-1000,-1000
1000,1000,1000
1000,1000,1000
5.8E-13,-1000,-1000
-1000,-1000,-1000
0,0,0
-1000,40.5865040731,5.8E-13
-1000,-1000,-1000
-1000,-1000,-1000
1000,-1.52E-13,1000
-1000,-1000,-1000
0,0,0
40,1000,1000
-1000,-1000,-1000
1000,1000,1000
-1000,-1000,-1000
-1000,-1000,-1000
-1000,-1000,1000
1000,3.15E-13,-1000
0,0,0
1000,1000,-1000
-1000,1000,1000
0,-1000,1000
1000,1000,-1000
-1000,-1000,-1000
-1000,-1000,-1000
0,0,0
-1000,40.5865040731,-1000
1000,-1000,-1000
1000,-8.77E-14,1000
-1000,-1000,-1000
0,0,0
-1000,-1000,5.8E-13
-1000,-1000,-1000
-1000,5.8E-13,-1000
40,0,0
-40,-1000,-1000
-1000,-1000,1000
-1000,-1000,-1000
-1000,-1000,-1000
1000,-1000,-1000
0,0,0
0,0,0
0,0,0
1000,-1000,-1000
-1000,1000,-1000
-1000,-1000,1000
-3.29E-13,-1000,1000
1.6254234243,1000,1000
1000,-1000,1000
-1000,-1000,-1000
1000,1000,-1000
1000,-1000,-1000
0,0,0
1000,1000,-1000
-1000,-1000,1000
-1000,-1000,-1000
1000,1000,-1000
-1000,-1000,-1000
-1000,-1000,-1000
1000,1000,1000
1000,-1000,1000
1000,1000,1000
1000,-1000,1000
-1000,1000,-1000
1000,1000,1000
-1000,-1000,1000
1000,1000,1000
1000,1000,1000
0,0,-1000
-1000,-1000,1.04E-12
1000,1000,1000
1000,1000,684.2327405324
-1000,1000,1000
1000,1000,1000
1000,1000,1000
-1000,-1000,-1000
-1000,-1000,-1000
-1000,-1000,1000
1000,1000,1000
1000,1000,1000
1000,1000,-1000
-1000,-1000,-1000
1000,1000,1000
-1000,1000,315.7672594676
1000,-1000,-1000
-1000,-1000,-1000
-1000,-1000,1000
1000,1000,1000
1000,1000,1000
1000,1000,0
-1000,-1000,-1000
1000,1000,1000
1000,1000,0
-1000,-1000,-1000
-1000,-1000,-1000
-1000,-1000,-1000
1000,1000,1000
-1000,-1000,-1000
-1000,1000,-1000
1000,1000,1000
1000,1000,1000
0,0,-1000
-1000,-1000,0
-1000,-1000,-1000
1000,1000,1000
-1000,-1000,-1000
-1000,0,0
-1000,0,-1000
-1000,0,0
-1000,-1000,0
1000,1000,1000
1000,1000,0
-1000,0,0
1000,1000,1000
-1.63E-13,-1.63E-13,-1.63E-13
-1000,-1000,-1000
-1000,-1000,-1000
-1000,-1000,-1000
1000,1000,1000
-1000,-1000,-1000
0,0,0
1000,1000,1000
0,-1000,-1000
1000,1000,1000
-1000,-1000,-1000
1000,1000,1000
1000,1000,1000
0,-1000,0
0,1000,1000
1000,1000,1000
1000,6.93E-13,-1000
-1000,-1000,1000
1000,-1000,-1000
0,1000,-1000
-1000,-1000,-1000
1000,1000,1000
1000,1000,1000
-1000,-1000,-1000
1000,-1000,1000
1000,1000,1000
1000,1000,1000
1000,1000,1000
0,0,-1000
-1000,-1000,-1000
0,-1000,-1000
-1000,2.77E-13,1000
-1000,-1000,-1000
-1000,-1000,-1000
0,0,1000
-1000,-1000,-1000
-1000,-1000,-1000
0,1000,0
-1000,-1000,-1000
-1000,-1000,-1000
0,0,0
-1000,-1000,-1000
-1000,-1000,1000
0,0,-1000
-1000,-1000,-1000
-1000,-1000,-1000
1000,1000,1000
1000,1000,1000
1000,1000,1000
0,-1000,-1000
1000,1000,1000
1000,1000,1000
-1000,-1000,-1000
1000,1000,1000
1000,1000,1000
-1000,-1000,-1000
1000,1000,1000
1000,1000,1000
-1000,-1000,-1000
1000,1000,1000
1000,1000,1000
-1000,-1000,-1000
-1000,-1000,-1000
-1000,-1000,-1000
0,0,1000
-1000,-1000,-1000
-1000,-1000,0
1000,0,-1000
-1000,-1000,-1000
-1000,-1000,-1000
0,0,1000
-1000,-1000,-1000
-1000,-1000,-1000
0,0,1000
-1000,-1000,-1000
-1000,-1000,-1000
0,0,0
1000,1000,1000
1000,1000,-1000
-1000,-1000,1000
-1000,-1000,-1000
-1000,-1000,-1000
0,1000,0
-1000,-1000,-1000
-1000,-1000,-1000
1000,1000,0
1000,1000,1000
1000,1000,1000
-1000,-1000,-1000
-1000,-1000,-1000
-1000,-1000,-1000
1000,1000,0
-1000,-1000,-1000
-1000,-1000,-1000
1000,1000,1000
-1000,1000,-1000
-1000,1000,-1000
1000,-1000,1000
-1000,-1000,-1000
1000,1000,1000
1000,1000,1000
-1000,-1000,-1000
-1000,-1000,-1000
-1000,-1000,-1000
-1000,-1000,-1000
-1000,-1000,-1000
-1000,-1000,0
1000,1000,1000
1000,1000,1000
1000,1000,1000
1000,1000,0
0,0,0
0,0,0
0,0,0
0,0,0
1000,1000,1000
1000,1000,1000
1000,1000,1000
1000,1000,1000
1000,1000,1000
1000,1000,1000
1000,0,1000
0,0,1000
-1000,-1000,-1000
0,1000,1000
0,0,0
1000,-1000,1000
-1000,-1000,-1000
-1000,-1000,-1000
1000,1000,1000
-1000,-1000,-1000
-1000,1000,-1000
-1000,-1000,-1000
1000,1000,0
1000,1000,1000
-1000,-1000,-1000
-1000,-1000,-1000
-1000,-1000,-1000
-1000,-1000,-1000
-1000,-1000,-1000
1000,1000,0
0,1000,1000
1000,1000,0
1000,1000,0
1000,1000,1000
-1000,-1000,-1000
1000,1000,1000
1000,1000,1000
1000,0,1000
1000,1000,1000
1000,1000,1000
-1000,1000,1000
-1000,-1000,-1000
-1000,-1000,1000
704.9992745576,-1000,-1000
-357.0312375395,-1000,-1000
-1000,-1000,-1000
1000,1000,-1000
-1000,3.29E-13,-1000
642.9687624605,1000,3.29E-13
1000,-1000,1000
-1000,-1000,1000
0,0,0
637.6054113078,0,0
0,0,0
0,0,0
0,0,0
0,0,0
0,0,0
0,0,0
0,0,0
0,0,0
642.9687624605,0,0
0,0,0
-1000,-1000,-1000
0,0,0
0,0,0
0,0,0
0,0,0
0,0,0
0,0,0
0,0,0
0,0,0
0,0,1000
0,0,0
0,0,0
0,0,0
0,0,0
0,0,0
0,0,0
0,0,0
0,0,0
1000,129.5189193071,1000
1000,1000,1000
0,3.72E-13,0
1000,0,0
0,0,0
0,0,0
0,1,0
41.4525506551,0,0
-1000,-1000,-1000
-1000,-1000,-1000
1000,1000,1000
-1000,-1000,-1000
1000,1000,1000
-1000,-1000,-1000
-1000,-1000,-1000
-1000,-1000,-1000
1000,1000,1000
-1000,-1000,-1000
-1000,-1000,-1000
0,0,0
-1000,-1000,-1000
1000,1000,1000
-1000,-1000,-1000
-3.74E-13,0,1.7E-13
0,0,0
0,0,0
0,0,0
0,0,0
0,0,0
1000,1000,1000
1000,0,1000
-1000,-1000,3.18E-13
1000,1000,1000
-1000,-1000,-1000
-1000,-1000,-1000
0,0,0
0,0,0
1.74E-13,1000,-1000
-1000,-1000,0
0,0,0
-1000,-1000,-1000
8.6629310787,-1000,-441.8878047252
-995.4775585575,-994.5274642607,-996.5392721109
0,0,0
0,0,0
0,0,0
-1000,-1000,-993.1903072255
-1000,1000,-1000
0,0,0
0,0,0
903.1046410032,1000,0
-1000,-1000,-1000
1000,1000,1000
0,0,0
-1000,-1000,-1000
1000,1000,1000
0,0,0
1.14E-13,1.14E-13,7.96E-13
0,0,0
-9.85E-29,1000,0
0,0,0
1000,999.9418349907,-999.3218540801
9.21E-27,0.8262174707,0.5224842705
9.18E-27,0.8262174707,0.5224842705
9.31E-27,0.8262174707,0.5224842705
9.34E-27,0.8262174707,0.5224842705
0,0,0
0,0,0
0,0,0
0,0,0
0,0,0
0,0,0
0,0,0
-45,0,0
0,0,0
0,0,0
0,0,0
0,0,0
0,0,0
-1000,-2.0651576736,-1000
-1000,-1000,-1000
0,0,0
0,0,0
0,0,0
0,0,0
0,0,0
0,0,0
-1000,-1000,-1000
1000,1000,0
0,0,0
-1000,-1000,-1000
0,0,0
0,0,0
0,0,0
0,0,0
0,0,-238.256324874
-1000,-1000,-1000
1000,1000,1000
1000,1000,1000
-1000,-1000,1.53E-13
0,0,3.65E-28
0,0,-1.09E-28
0,0,0
0,0,0
0,0,0
0,0,0
0,0,0
0,0,0
0,1.72E-29,0
0,0,0
0,0,1000
0,0,0
0,0,0
0,0,0
0,0,0
0,0,0
4.6639446963,40.9075067802,0
4.6639446963,40.9075067802,0
4.6639446963,40.9075067802,0
4.6639446963,40.9075067802,0
4.6639446963,40.9075067802,0
4.6639446963,40.9075067802,0
4.6639446963,40.9075067802,0
4.6639446963,40.9075067802,0
4.6639446963,40.9075067802,0
4.6639446963,40.9075067802,0
4.6639446963,40.9075067802,0
2.5181968199,0,0
3.4E-29,0,0
2.5181968199,0,0
3.4E-29,0,0
2.5181968199,0,0
3.4E-29,0,0
0,0,0
0,0,238.256324874
0,0,238.256324874
0,0,0
0,0,0
0,0,0
-659.2846672666,-1000,-1000
-1000,-1000,-1000
1000,1000,1000
0,0,0
0,0,0
0,0,0
0,0,0
0,0,0
0,0,0
3.55E-29,3.55E-29,0
0,0,3.04E-14
1000,1000,1000
-1000,-1000,-1000
0,0,0
0,0,0
0,0,1.53E-13
0,0,1.53E-13
0,0,0
-1000,1000,1000
0,0,0
0,0,0
0,0,0
0,0,0
0,0,0
0,0,0
0,0,0
0,1.0327718384,0.6531053381
0,0,0
0,0,0
-4.92E-13,0,0
0,0,0
3.7772952298,0,0
0,0,0
996.7813781854,46.5644588884,5.1585957855
0,0,0
2.08E-27,2.66E-29,3.04E-14
0,0,0
0,0,0
0,0,0
0,0,0
-8.13E-30,0,8E-29
0,0,9.06E-30
0,0,1.03E-29
0,0,0
0,0,0
0,0,0
0,0,0
0,0,0
0,0,0
0,0,0
0,0,0
0,0,0
0.4043680611,0,0
0,0,0
0,0,0
0,0,0
0,0,0
0,0,0
1000,1000,1000
5,0,0
0,0,0
0,1.55E-29,0
0,1.55E-29,0
0,0,0
0,0,0
0,0,0
0,0,0
2.43E-29,0,1.2E-28
0,0,9.16E-30
0,0,-1.55E-28
0,0,-1.55E-28
-8.13E-30,0,0
0,0,0
0,0,0
7.95E-30,0,0
0,0,-1.53E-30
0,0,0
-6.38E-29,0,-4.29E-30
6.38E-29,0,0
0,0,0
0,0,0
0,0,0
0,0,0
0,0,0
0,0,0
0,0,0
5.53E-29,0,3.68E-29
0,0,0
1000,1000,1000
0,0,0
0,0,0
-1000,-1000,-1000
0,0,0
0,0,0
0,0,0
-1000,-1000,-1000
0,0,0
0,0,0
0,0,0
0,0,0
0,0,0
0,0,0
0,0,0
0,0,0
0,0,0
0,0,0
0,0,0
0,0,0
0,0,0
-26.8936200541,-5.23E-13,-2.8E-13
0,0,0
0,0,0
0,0,0
0,0,0
-1.64E-13,-3.29E-13,0
1.7131010229,0,0
0,0,0
0,0,0
0,0,0
0,0,0
0,0,0
0,0,0
0,0,0
0,0,0
0,0,0
0,0,0
0,0,0
0,0,0
0,0,0
0,0,0
0,0,0
0,0,0
0,0,0
0,0,0
-1000,-1000,-1000
-2E-13,0,0
0,0,0
1.82E-13,1.82E-13,2.9E-14
0,0,0
0,0,0
0,0,0
0,0,0
0,0,0
0,0,0
0,0,0
0,0,0
0,0,0
0,0,0
0,0,0
0,0,0
0,0,0
0,0,0
0,0,0
0,0,0
0,0,0
0,0,0
0,0,0
0,0,0
0,0,0
0,0,0
1.39E-17,1.39E-17,0
0,0,0
0,0,0
0,0,0
0,0,0
0,0,0
0,0,0
0,0,0
0,0,0
0,0,0
3.41E-13,0,-1.14E-13
0,0,0
0,0,0
7.95E-13,-6.62E-13,2.21E-13
0,0,3.16E-13
0,0,0
1000,0,1000
0,0,0
0,0,0
0,0,0
0,0,0
-1000,-1000,-1000
-0.1363,-0.1117996818,-0.0707
0,0,0
0,0,0
0,0,0
0,0,0
5.2709567,4.155691401,2.5524822368
0,0,0
0,0,0
0,0,0
0,0,0
0,0,0
0,0,0
0,0,0
0,0,0
-1000,-1000,-1000
0,0,0
0,0,0
0,0,0
0,0,0
0,0,0
0,0,0
0,0,0
0,0,0
0,0,0
0,0,0
0,0,0
0,0,0
0,0,0
0,0,0
0,0,0
0,0,0
0,0,0
0,0,0
0,0,0
0,0,0
0,0,0
0,0,0
0,0,0
0,0,0
0.0008181162,0.0008181162,4.5
0.0008148196,0.0008148196,4.5
